{
    "core": {
        "version": "4.0.0.29660"
    },
    "opt": {
        "props": {
            "capabilities": [
                "adc",
                "arduino",
                "bsp_gen4",
                "can",
                "capsense",
                "cat1",
                "cat1a",
                "comp",
                "csd",
                "dma",
                "flash_512k",
                "hal",
                "i2c",
                "led",
                "low_power",
                "lptimer",
                "mcu_gp",
                "memory",
                "memory_qspi",
                "multi_core",
                "nor_flash",
                "pot",
                "psoc6",
                "qspi",
                "rdk2",
                "rtc",
                "sdhc",
                "smart_io",
                "spi",
                "sram_256k",
                "std_crypto",
                "switch",
                "uart",
                "usb_device",
                "usb_host",
                "udb"
            ],
            "dependencies": {
                "cat1cm0p": "release-v1.0.0",
                "core-lib": "release-v1.3.1",
                "core-make": "release-v3.0.0",
                "mtb-hal-cat1": "release-v2.2.0",
                "mtb-pdl-cat1": "release-v3.0.0",
                "recipe-make-cat1a": "release-v2.0.0"
            },
            "docs_dir": "docs",
            "flow_version": "2.0",
            "min_tools": "3.0.0",
            "template": {
                "id": "mtb-template-cat1",
                "version": "release-v1.0.0"
            }
        }
    }
}
